<includes>
    <!-- Netflix Items NF Hub -->
    <include name="netflix_items_nfhub">
        <include content="netflix_customhub_item2" name="netflix_customhub_item2"><param name="widgetid" value="510" /></include>
        <include content="netflix_customhub_item2" name="netflix_customhub_item2"><param name="widgetid" value="520" /></include>
        <include content="netflix_customhub_item2" name="netflix_customhub_item2"><param name="widgetid" value="530" /></include>
        <include content="netflix_customhub_item2" name="netflix_customhub_item2"><param name="widgetid" value="540" /></include>
        <include content="netflix_customhub_item2" name="netflix_customhub_item2"><param name="widgetid" value="550" /></include>
        <include content="netflix_customhub_item2" name="netflix_customhub_item2"><param name="widgetid" value="560" /></include>
        <include content="netflix_customhub_item2" name="netflix_customhub_item2"><param name="widgetid" value="570" /></include>
        <include content="netflix_customhub_item2" name="netflix_customhub_item2"><param name="widgetid" value="580" /></include>
        <include content="netflix_customhub_item2" name="netflix_customhub_item2"><param name="widgetid" value="590" /></include>
        <include content="netflix_customhub_item2" name="netflix_customhub_item2"><param name="widgetid" value="600" /></include>
        <include content="netflix_customhub_item2" name="netflix_customhub_item2"><param name="widgetid" value="610" /></include>
        <include content="netflix_customhub_item2" name="netflix_customhub_item2"><param name="widgetid" value="620" /></include>
        <include content="netflix_customhub_item2" name="netflix_customhub_item2"><param name="widgetid" value="630" /></include>
        <include content="netflix_customhub_item2" name="netflix_customhub_item2"><param name="widgetid" value="640" /></include>
        <include content="netflix_customhub_item2" name="netflix_customhub_item2"><param name="widgetid" value="650" /></include>
        <include content="netflix_customhub_item2" name="netflix_customhub_item2"><param name="widgetid" value="660" /></include>
        <include content="netflix_customhub_item2" name="netflix_customhub_item2"><param name="widgetid" value="670" /></include>
        <include content="netflix_customhub_item2" name="netflix_customhub_item2"><param name="widgetid" value="680" /></include>
        <include content="netflix_customhub_item2" name="netflix_customhub_item2"><param name="widgetid" value="690" /></include>
    </include>

    <!-- Netflix Customhub Item 2 -->
    <include name="netflix_customhub_item2">
        <control type="button" id="$PARAM[widgetid]3">
            <visible>String.Contains(Window.Property(netflix_active_widgets),$PARAM[widgetid])</visible>
            <height>96%</height>
            <width>99%</width>
            <font>Reg28</font>
            <include condition="Skin.HasSetting(WidgetAlignRight)">widget_header_rightalign</include>
            <include condition="!Skin.HasSetting(WidgetAlignRight)">widget_header_leftalign</include>
            <textcolor>$INFO[Skin.String(ViewDetailsTextColor)]</textcolor>
            <shadowcolor>$INFO[Skin.String(ViewDetailsTextShadowColor)]</shadowcolor>
            <label>[B]$INFO[Window.Property($PARAM[widgetid]_title)][/B]</label>
            <onclick>ActivateWindow(videos,$INFO[Window.Property($PARAM[widgetid]_action)],return)</onclick>
            <animation effect="slide" end="50" time="0" condition="Container($PARAM[widgetid]).IsUpdating + !Skin.HasSetting(WidgetAlignRight)">Conditional</animation>
            <animation effect="slide" end="-50" time="0" condition="Container($PARAM[widgetid]).IsUpdating + Skin.HasSetting(WidgetAlignRight)">Conditional</animation>
        </control>
        <control type="multiimage" id="$PARAM[widgetid]6">
            <visible>String.Contains(Window.Property(netflix_active_widgets),$PARAM[widgetid]) + Container($PARAM[widgetid]).IsUpdating</visible>
            <width>100%</width>
            <height>36</height>
            <top>0</top>
            <include condition="Skin.HasSetting(WidgetAlignRight)">widget_header_rightalign</include>
            <include condition="!Skin.HasSetting(WidgetAlignRight)">widget_header_leftalign</include>
            <aspectratio align="left">keep</aspectratio>
            <imagepath background="true">widgets/widgets-busy-loader/</imagepath>
            <timeperimage>35</timeperimage>
            <colordiffuse>$INFO[Skin.String(SpinnerTexture.Color)]</colordiffuse>
            <fadetime>0</fadetime>
        </control>
        <control type="panel" id="$PARAM[widgetid]">
            <visible>String.Contains(Window.Property(netflix_active_widgets),$PARAM[widgetid])</visible>
            <width>100%</width>
            <orientation>horizontal</orientation>
            <animation condition="!Control.HasFocus(77777) + Skin.HasSetting(Widgets_Animation)" reversible="false" type="Visible">
                <effect center="960,540" delay="280" easing="in" end="100" start="98" time="180" tween="sine" type="zoom"/>
                <effect delay="280" easing="in" end="0,0" start="0,40" time="180" tween="sine" type="slide"/>
                <effect delay="280" easing="in" end="100" start="0" time="180" tween="sine" type="fade"/>
            </animation>
            <animation time="100" effect="fade" start="0" end="100" reversible="false" easing="inout" condition="!Skin.HasSetting(Widgets_Animation)">Visible</animation>
            <include name="widget_layout_landscapelarge" content="widget_layout_landscapelarge">
                <param name="widgetid" value="$PARAM[widgetid]" />
                <param name="widgetTags" value="WidgetTagOverlayAuto" />
                <param name="multiRows" value="false" />
            </include>
            <content target="videos">$INFO[Window.Property($PARAM[widgetid]_content)]</content>
        </control>
    </include>
</includes>
