<?xml version="1.0" encoding="UTF-8" standalone="yes"?>
<addon id="service.hassio"
       name="Home Assistant"
       version="1.0.0"
       provider-name="caphm">
  <requires>
    <import addon="xbmc.python" version="2.7.0"/>
    <import addon="script.module.requests" version="2.12.4"/>
  </requires>
  <extension point="xbmc.service" library="service.py" start="login" />
  <extension point="xbmc.addon.metadata">
    <platform>all</platform>
    <summary lang="en">Controls lights via Home Assistant on Kodi playback events</summary>
    <summary lang="de">Steuert Lichter über eine Home Assistant Instanz bei Wiedergabe in Kodi</summary>
  </extension>
</addon>