<?xml version="1.0" encoding="UTF-8" standalone="yes"?>
<addon id="service.strmfilemarker"
       name="STRM-file auto-marker"
       version="1.0.0"
       provider-name="caphm">
  <requires>
    <import addon="xbmc.python" version="2.7.0"/>
  </requires>
  <extension point="xbmc.service" library="service.py" start="login" />
  <extension point="xbmc.addon.metadata">
    <platform>all</platform>
    <summary lang="en">Automatically marks library entries based on *.strm-files as watched</summary>
    <summary lang="de">Markiert auf *.strm-Dateien basierende Bibliothekseinträge automatisch als gesehen</summary>
  </extension>
</addon>