<?xml version="1.0" encoding="UTF-8"?>
<!-- Foundation -->
<includes>

    <variable name="WideNetflixDetails">
    <value condition="[Container.Content(episodes) | String.IsEqual(ListItem.DBTYPE,episode) | String.IsEqual(ListItem.Property(DBTYPE),episode)]">$INFO[ListItem.Premiered]</value>
    <value condition="Integer.IsGreater(ListItem.Property(UnWatchedEpisodes),0) + [Container.Content(Seasons) | Container.Content(TVShows)] + [!String.IsEmpty(ListItem.Year) | !String.IsEmpty(ListItem.MPAA) | !String.IsEmpty(ListItem.Property(TotalEpisodes))]">$INFO[ListItem.Year,,   ]$INFO[ListItem.MPAA,,   ]$INFO[ListItem.Property(TotalEpisodes),$LOCALIZE[20360]: ] $INFO[ListItem.Property(UnWatchedEpisodes), (,) ]</value>
    <value condition="!Integer.IsGreater(ListItem.Property(UnWatchedEpisodes),0) + [Container.Content(Seasons) | Container.Content(TVShows)] + [!String.IsEmpty(ListItem.Year) | !String.IsEmpty(ListItem.MPAA) | !String.IsEmpty(ListItem.Property(TotalEpisodes))]">$INFO[ListItem.Year,,   ]$INFO[ListItem.MPAA,,   ]$INFO[ListItem.Property(TotalEpisodes),$LOCALIZE[20360]: ]</value>
    </variable>

    <include name="View_525_Wide_Netflix">
        <control type="group">
            <visible>Control.IsVisible(525)</visible>
            <include>animation_netflix_wide_fade</include>
            <!-- Season -->
            <control type="group">
                <left>50</left>
                <top>290</top>
                <width>400</width>
                <height>200</height>
                <control type="image">
                    <width>400</width>
                    <height>75</height>
                    <aligny>top</aligny>
                    <align>left</align>
                    <aspectratio align="left" aligny="top">keep</aspectratio>
                    <colordiffuse>$VAR[ViewDetailsBorderFocusColor]</colordiffuse>
                    <texture background="true">border_netflix.png</texture>
                    <visible>!String.IsEmpty(ListItem.Season) | !String.IsEmpty(ListItem.Property(TotalEpisodes))</visible>
                </control>
                <control type="label">
                    <top>3</top>
                    <left>15</left>
                    <width>400</width>
                    <height>65</height>
                    <aligny>top</aligny>
                    <align>left</align>
                    <font>Reg28</font>
                    <textcolor>$INFO[Skin.String(ViewDetailsListItemTextColor)]</textcolor>
                    <label>$INFO[ListItem.Season,Staffel ,]</label>
                    <visible>!String.IsEmpty(ListItem.Season) | !String.IsEmpty(ListItem.Property(TotalEpisodes))</visible>
                </control>
                <control type="label">
                    <top>3</top>
                    <left>230</left>
                    <width>400</width>
                    <height>65</height>
                    <aligny>top</aligny>
                    <align>left</align>
                    <font>Reg28</font>
                    <textcolor>$INFO[Skin.String(ViewDetailsListItemTextColor)]</textcolor>
                    <label>$INFO[ListItem.Property(TotalEpisodes),, Folgen]</label>
                    <visible>!String.IsEmpty(ListItem.Season) | !String.IsEmpty(ListItem.Property(TotalEpisodes))</visible>
                </control>
                <control type="label">
                    <top>3</top>
                    <left>230</left>
                    <width>400</width>
                    <height>65</height>
                    <aligny>top</aligny>
                    <align>left</align>
                    <font>Reg28</font>
                    <textcolor>$INFO[Skin.String(ViewDetailsListItemTextColor)]</textcolor>
                    <label>$INFO[Container.NumItems,, Folgen]</label>
                    <visible>!String.IsEmpty(ListItem.Season) + String.IsEmpty(ListItem.Property(TotalEpisodes))</visible>
                </control>
            </control>
            <!--studio logo -->
            <control type="image">
                <left>50</left>
                <width>450</width>
                <height>160</height>
                <bottom>120</bottom>
                <aspectratio aligny="top" align="left">keep</aspectratio>
                <include condition="!String.Contains(Skin.String(SkinHelper.StudioLogos.Path),colo)">videoInfoColorDiffuse</include>
                <texture background="true">$INFO[Window(home).Property(SkinHelper.ListItem.StudioLogo)]</texture>
                <visible>!String.IsEmpty(Window(home).Property(SkinHelper.ListItem.StudioLogo)) + Skin.HasSetting(nofooterbar)</visible>
            </control>
        </control>
        <control type="group">
            <visible>Control.IsVisible(525)</visible>
            <include>animation_netflix_wide_zoom</include>
            <!-- Item list -->
            <control type="group">
                <control type="fixedlist" id="525">
                    <bottom>144</bottom>
                    <animation effect="slide" end="0,10" time="0" condition="skin.hassetting(nofooterbar)">Conditional</animation>
                    <posx>700</posx>
                    <height>100%</height>
                    <width>1200</width>
                    <onup>525</onup>
                    <ondown>525</ondown>
                    <onleft>9000</onleft>
                    <onright condition="Skin.HasSetting(EnableQuickJump)">6000</onright>
                    <onright condition="!Skin.HasSetting(EnableQuickJump)">60</onright>
                    <orientation>vertical</orientation>
                    <pagecontrol>60</pagecontrol>
                    <preloaditems>2</preloaditems>
                    <focusposition>1</focusposition>
                    <viewtype label="31827">list</viewtype>
                    <scrolltime tween="quadratic">400</scrolltime>
                    <itemlayout width="1200" height="280">
                        <control type="group">
                            <width>1200</width>
                            <height>280</height>
                            <control type="image">
                                <width>481</width>
                                <height>100%</height>
                                <texture border="5">diffuse/wide.png</texture>
                                <colordiffuse>$VAR[ViewDetailsPanelColor]</colordiffuse>
                                <include condition="Skin.String(thumbsborder_unfocused, 0)">thumbborder_0</include>
                                <include condition="Skin.String(thumbsborder_unfocused, 2)">thumbborder_2</include>
                                <include condition="Skin.String(thumbsborder_unfocused, 4)">thumbborder_4</include>
                                <include condition="Skin.String(thumbsborder_unfocused, 6)">thumbborder_6</include>
                                <visible>Skin.HasSetting(View525_HidePanel)</visible>
                            </control>
                            <control type="image">
                                <texture border="5">diffuse/wide.png</texture>
                                <colordiffuse>$VAR[ViewDetailsPanelColor]</colordiffuse>
                                <include condition="Skin.String(thumbsborder_unfocused, 0)">thumbborder_0</include>
                                <include condition="Skin.String(thumbsborder_unfocused, 2)">thumbborder_2</include>
                                <include condition="Skin.String(thumbsborder_unfocused, 4)">thumbborder_4</include>
                                <include condition="Skin.String(thumbsborder_unfocused, 6)">thumbborder_6</include>
                                <visible>!Skin.HasSetting(View525_HidePanel)</visible>
                            </control>
                            <control type="image">
                                <!--Panel icon image-->
                                <width>481</width>
                                <height>100%</height>
                                <bordersize>8</bordersize>
                                <texture background="true" diffuse="diffuse/wide.png">$VAR[LandscapeImage]</texture>
                                <aspectratio scalediffuse="false" align="left" aligny="center">stretch</aspectratio>
                            </control>
                            <!--gradient overlay-->
                            <control type="image">
                                <bottom>7</bottom>
                                <left>7</left>
                                <width>465</width>
                                <align>center</align>
                                <height>63</height>
                                <texture border="8">overlay/gradient_bottom.png</texture>
                                <colordiffuse>$INFO[Skin.String(OSDPanelColor)]</colordiffuse>
                            </control>
                            <control type="group">
                                <top>9</top>
                                <width>475</width>
                                <height>100%</height>
                                <include>WatchedIndicatorNormal</include>
                            </control>
                            <!-- Episode/Season Sxx:Exx format -->
                            <control type="label">
                                <left>26</left>
                                <bottom>26</bottom>
                                <height>35</height>
                                <width>455</width>
                                <font>Reg26</font>
                                <align>left</align>
                                <textcolor>$INFO[Skin.String(ViewDetailsTextColor)]</textcolor>
                                <label>[B][UPPERCASE]$INFO[ListItem.Season,S,]$INFO[ListItem.Episode,: E,][/UPPERCASE][/B]</label>
                                <visible>String.IsEqual(Window(Home).Property(ListItem.dbtype),episode) | String.IsEqual(ListItem.dbtype,episode)</visible>
                            </control>
                            <control type="progress">
                                <visible>String.IsEqual(Window(Home).Property(ListItem.dbtype),episode) | String.IsEqual(ListItem.dbtype,episode)</visible>
                                <left>26</left>
                                <bottom>16</bottom>
                                <description>progress bar</description>
                                <width>429</width>
                                <height>3%</height>
                                <align>left</align>
                                <!-- hardcoded color on landscape -->
                                <texturebg colordiffuse="white" border="2">colors/color_white.png</texturebg>
                                <lefttexture>-</lefttexture>
                                <midtexture colordiffuse="$INFO[Skin.String(ViewDetailsHighlightTextColor)]" border="2">colors/color_white.png</midtexture>
                                <righttexture>-</righttexture>
                                <visible>Integer.IsGreater(ListItem.PercentPlayed,0)</visible>
                                <info>ListItem.PercentPlayed</info>
                            </control>
                            <!-- fake full progressbar for watched & not resumable -->
                            <control type="progress">
                                <visible>String.IsEqual(Window(Home).Property(ListItem.dbtype),episode) | String.IsEqual(ListItem.dbtype,episode)</visible>
                                <left>26</left>
                                <bottom>16</bottom>
                                <description>progress bar</description>
                                <width>429</width>
                                <height>3%</height>
                                <align>left</align>
                                <!-- hardcoded color on landscape -->
                                <texturebg colordiffuse="$INFO[Skin.String(ViewDetailsHighlightTextColor)]" border="2">colors/color_white.png</texturebg>
                                <lefttexture>-</lefttexture>
                                <midtexture colordiffuse="$INFO[Skin.String(ViewDetailsHighlightTextColor)]" border="2">colors/color_white.png</midtexture>
                                <righttexture>-</righttexture>
                                <visible>[Integer.IsGreater(ListItem.PlayCount,0) + !ListItem.IsResumable]</visible>
                                <info>ListItem.PercentPlayed</info>
                            </control>
                            <control type="label">
                                <top>8</top>
                                <left>494</left>
                                <width>100%</width>
                                <aligny>center</aligny>
                                <height>38</height>
                                <align>left</align>
                                <font>Bold30</font>
                                <textcolor>$INFO[Skin.String(ViewDetailsListItemTextColor)]</textcolor>
                                <selectedcolor>$INFO[Skin.String(ViewDetailsListItemTextColor)]</selectedcolor>
                                <label>$INFO[ListItem.Label]</label>
                            </control>
                            <control type="label">
                                <top>50</top>
                                <left>494</left>
                                <width>100%</width>
                                <aligny>center</aligny>
                                <height>30</height>
                                <align>left</align>
                                <font>Reg22</font>
                                <textcolor>$INFO[Skin.String(ViewDetailsListItemTextColor)]</textcolor>
                                <selectedcolor>$INFO[Skin.String(ViewDetailsListItemTextColor)]</selectedcolor>
                                <label fallback="19055">$VAR[WideNetflixDetails]</label>
                            </control>
                            <control type="textbox">
                                <left>494</left>
                                <right>30</right>
                                <top>87</top>
                                <height>160</height>
                                <align>justify</align>
                                <font>Reg26</font>
                                <textcolor>$INFO[Skin.String(ViewDetailsListItemTextColor)]</textcolor>
                                <selectedcolor>$INFO[Skin.String(ViewDetailsListItemTextFocusColor)]</selectedcolor>
                                <label>$VAR[Plots]</label>
                                <autoscroll delay="4000" time="4000" repeat="2000">false</autoscroll>
                            </control>
                            <control type="label">
                                <left>494</left>
                                <width>706</width>
                                <bottom>10</bottom>
                                <aligny>center</aligny>
                                <height>38</height>
                                <align>left</align>
                                <font>Reg26</font>
                                <textcolor>$INFO[Skin.String(ViewDetailsListItemTextFocusColor)]</textcolor>
                                <selectedcolor>$INFO[Skin.String(ViewDetailsListItemTextFocusColor)]</selectedcolor>
                                <label>$INFO[ListItem.Duration(mins),(,m)]</label>
                                <visible>String.IsEqual(Window(Home).Property(ListItem.dbtype),episode) | String.IsEqual(ListItem.dbtype,episode)</visible>
                            </control>
                        </control>
                    </itemlayout>
                    <focusedlayout width="1200" height="280">
                        <control type="group">
                            <width>1200</width>
                            <height>280</height>
                            <control type="image">
                                <texture border="5">diffuse/wide.png</texture>
                                <colordiffuse>$VAR[ViewDetailsPanelColor]</colordiffuse>
                                <include condition="Skin.String(thumbsborder_focused, 0)">thumbborder_0</include>
                                <include condition="Skin.String(thumbsborder_focused, 2)">thumbborder_2</include>
                                <include condition="Skin.String(thumbsborder_focused, 4)">thumbborder_4</include>
                                <include condition="Skin.String(thumbsborder_focused, 6)">thumbborder_6</include>
                                <visible>!Skin.HasSetting(View525_HidePanel)</visible>
                            </control>
                            <control type="image">
                                <width>481</width>
                                <height>100%</height>
                                <texture border="5">diffuse/wide.png</texture>
                                <colordiffuse>$VAR[ViewDetailsBorderFocusColor]</colordiffuse>
                                <include condition="Skin.String(thumbsborder_focused, 0)">thumbborder_0</include>
                                <include condition="Skin.String(thumbsborder_focused, 2)">thumbborder_2</include>
                                <include condition="Skin.String(thumbsborder_focused, 4)">thumbborder_4</include>
                                <include condition="Skin.String(thumbsborder_focused, 6)">thumbborder_6</include>
                            </control>
                            <control type="image">
                                <!--Panel icon image-->
                                <width>481</width>
                                <height>100%</height>
                                <bordersize>8</bordersize>
                                <texture background="true" diffuse="diffuse/wide.png">$VAR[LandscapeImage]</texture>
                                <aspectratio scalediffuse="false" align="left" aligny="center">stretch</aspectratio>
                            </control>
                            <!--gradient overlay-->
                            <control type="image">
                                <bottom>7</bottom>
                                <left>7</left>
                                <width>465</width>
                                <align>center</align>
                                <height>63</height>
                                <texture border="8">overlay/gradient_bottom.png</texture>
                                <colordiffuse>$INFO[Skin.String(OSDPanelColor)]</colordiffuse>
                            </control>
                            <control type="group">
                                <top>8</top>
                                <width>475</width>
                                <height>100%</height>
                                <include>WatchedIndicatorNormal</include>
                            </control>
                            <!-- Episode/Season Sxx:Exx format -->
                            <control type="label">
                                <left>26</left>
                                <bottom>26</bottom>
                                <height>35</height>
                                <width>455</width>
                                <font>Reg26</font>
                                <align>left</align>
                                <textcolor>$INFO[Skin.String(ViewDetailsTextColor)]</textcolor>
                                <label>[B][UPPERCASE]$INFO[ListItem.Season,S,]$INFO[ListItem.Episode,: E,][/UPPERCASE][/B]</label>
                                <visible>String.IsEqual(Window(Home).Property(ListItem.dbtype),episode) | String.IsEqual(ListItem.dbtype,episode)</visible>
                            </control>
                            <control type="progress">
                                <visible>String.IsEqual(Window(Home).Property(ListItem.dbtype),episode) | String.IsEqual(ListItem.dbtype,episode)</visible>
                                <left>26</left>
                                <bottom>16</bottom>
                                <description>progress bar</description>
                                <width>429</width>
                                <height>3%</height>
                                <align>left</align>
                                <texturebg colordiffuse="white" border="2">colors/color_white.png</texturebg>
                                <lefttexture>-</lefttexture>
                                <midtexture colordiffuse="$INFO[Skin.String(ViewDetailsHighlightTextColor)]" border="2">colors/color_white.png</midtexture>
                                <righttexture>-</righttexture>
                                <visible>Integer.IsGreater(ListItem.PercentPlayed,0)</visible>
                                <info>ListItem.PercentPlayed</info>
                            </control>
                            <!-- fake full progressbar for watched & not resumable -->
                            <control type="progress">
                                <visible>String.IsEqual(Window(Home).Property(ListItem.dbtype),episode) | String.IsEqual(ListItem.dbtype,episode)</visible>
                                <left>26</left>
                                <bottom>16</bottom>
                                <description>progress bar</description>
                                <width>429</width>
                                <height>3%</height>
                                <align>left</align>
                                <!-- hardcoded color on landscape -->
                                <texturebg colordiffuse="$INFO[Skin.String(ViewDetailsHighlightTextColor)]" border="2">colors/color_white.png</texturebg>
                                <lefttexture>-</lefttexture>
                                <midtexture colordiffuse="$INFO[Skin.String(ViewDetailsHighlightTextColor)]" border="2">colors/color_white.png</midtexture>
                                <righttexture>-</righttexture>
                                <visible>[Integer.IsGreater(ListItem.PlayCount,0) + !ListItem.IsResumable]</visible>
                                <info>ListItem.PercentPlayed</info>
                            </control>
                            <control type="label">
                                <top>8</top>
                                <left>494</left>
                                <width>100%</width>
                                <aligny>center</aligny>
                                <height>38</height>
                                <align>left</align>
                                <font>Bold30</font>
                                <textcolor>$INFO[Skin.String(ViewDetailsListItemTextColor)]</textcolor>
                                <selectedcolor>$INFO[Skin.String(ViewDetailsListItemTextColor)]</selectedcolor>
                                <label>$INFO[ListItem.Label]</label>
                            </control>
                            <control type="label">
                                <top>50</top>
                                <left>494</left>
                                <width>100%</width>
                                <aligny>center</aligny>
                                <height>30</height>
                                <align>left</align>
                                <font>Reg22</font>
                                <textcolor>$INFO[Skin.String(ViewDetailsListItemTextColor)]</textcolor>
                                <selectedcolor>$INFO[Skin.String(ViewDetailsListItemTextColor)]</selectedcolor>
                                <label fallback="19055">$VAR[WideNetflixDetails]</label>
                            </control>
                            <control type="textbox">
                                <left>494</left>
                                <right>30</right>
                                <top>87</top>
                                <height>160</height>
                                <align>justify</align>
                                <font>Reg26</font>
                                <textcolor>$INFO[Skin.String(ViewDetailsListItemTextColor)]</textcolor>
                                <selectedcolor>$INFO[Skin.String(ViewDetailsListItemTextFocusColor)]</selectedcolor>
                                <label>$VAR[Plots]</label>
                                <autoscroll delay="4000" time="2000" repeat="4000">true</autoscroll>
                            </control>
                            <control type="label">
                                <left>494</left>
                                <width>706</width>
                                <bottom>10</bottom>
                                <aligny>center</aligny>
                                <height>38</height>
                                <align>left</align>
                                <font>Reg26</font>
                                <textcolor>$INFO[Skin.String(ViewDetailsListItemTextFocusColor)]</textcolor>
                                <selectedcolor>$INFO[Skin.String(ViewDetailsListItemTextFocusColor)]</selectedcolor>
                                <label>$INFO[ListItem.Duration(mins),(,m)]</label>
                                <visible>String.IsEqual(Window(Home).Property(ListItem.dbtype),episode) | String.IsEqual(ListItem.dbtype,episode)</visible>
                            </control>
                        </control>
                    </focusedlayout>
                </control>
                <!--vertical Scollbar-->
                <control type="scrollbar" id="60">
                    <visible>Control.IsVisible(525) + Integer.IsGreater(Container.Numitems,0)</visible>
                    <right>15</right>
                    <height>88%</height>
                    <onup>60</onup>
                    <ondown>6000</ondown>
                    <onleft>525</onleft>
                    <animation effect="fade" start="0" end="100" time="400" condition="[Control.HasFocus(60) | Skin.HasSetting(EnableTouchSupport) | Container.Scrolling | Skin.HasSetting(alwaysShowScrollbars)] + !Control.IsVisible(6002)">Conditional</animation>
                    <animation effect="fade" start="100" end="0" time="400" condition="![Control.HasFocus(60) | Skin.HasSetting(EnableTouchSupport) | Container.Scrolling | Skin.HasSetting(alwaysShowScrollbars)] | Control.IsVisible(6002)">Conditional</animation>
                </control>
            </control>
        </control>
        <control type="group">
            <visible>Control.IsVisible(525)</visible>
            <control type="grouplist">
                <width>1500</width>
                <posx>65</posx>
                <posy>-90</posy>
                <height>525</height>
                <orientation>vertical</orientation>
                <usecontrolcoords>true</usecontrolcoords>
                <itemgap>10</itemgap>
                <!-- adjust for episode info -->
                <animation effect="slide" start="0" end="0,75" time="0" condition="Control.IsVisible(588688) + !Control.IsVisible(5444322)">Conditional</animation>

                <!-- Title -->
                <!-- clearlogo [800x310] -->
                <control type="image" id="29475">
                    <visible>!Skin.HasSetting(NoClearLogoNetflix) + !String.IsEmpty(Control.GetLabel(29475))</visible>
                    <height>230</height>
                    <width>593</width>
                    <align>left</align>
                    <aspectratio align="left" aligny="center">keep</aspectratio>
                    <texture background="true">$VAR[ListItemClearLogo]</texture>
                </control>
                <!-- text title -->
                <control type="textbox" id="29476">
                    <visible>String.IsEmpty(Control.GetLabel(29475)) | Skin.HasSetting(NoClearLogoNetflix)</visible>
                    <top>55</top>
                    <height>175</height>
                    <width max="593">auto</width>
                    <font>Reg72</font>
                    <align>left</align>
                    <shadowcolor>$INFO[Skin.String(ViewDetailsTextShadowColor)]</shadowcolor>
                    <textcolor>$INFO[Skin.String(ViewDetailsTextColor)]</textcolor>
                    <label>$VAR[View523_FallbackTitle]</label>
                    <animation effect="fade" time="200">Visible</animation>
                </control>

                <!-- spotlight row details -->
                <control type="group">
                    <width>1000</width>
                    <height>40</height>
                    <include>Default_Fade</include>
                    <include>SpotlightRowDetails</include>
                </control>
            </control>
         </control>
    </include>

</includes>
