<?xml version="1.0" encoding="UTF-8" standalone="yes"?>
<addon id="plugin.video.netflix" name="Netflix" version="0.14.0~beta11" provider-name="libdev + jojo + asciidisco">
  <requires>
    <import addon="xbmc.python" version="2.25.0"/>
    <import addon="script.module.requests" version="2.12.4"/>
    <import addon="script.module.pycryptodome" version="3.4.3"/>
    <import addon="script.module.inputstreamhelper" version="0.3.3"/>
    <import addon="script.module.addon.signals" version="0.0.3"/>
  </requires>
  <extension point="xbmc.python.pluginsource" library="addon.py">
    <provides>video</provides>
  </extension>
  <extension point="xbmc.service" library="service.py" start="login" />
  <extension point="xbmc.addon.metadata">
    <reuselanguageinvoker>true</reuselanguageinvoker>
    <summary lang="de_DE">Netflix</summary>
    <description lang="de_DE">Addon für Netflix VOD Services</description>
    <disclaimer lang="de_DE">Möglicherweise sind einge Teile dieses Addons in Ihrem Land illegal, Sie sollten dies unbedingt vor der Installation überprüfen.</disclaimer>
    <summary lang="en_GB">Netflix</summary>
    <description lang="en_GB">Netflix VOD Services Addon</description>
    <disclaimer lang="en_GB">Some parts of this addon may not be legal in your country of residence - please check with your local laws before installing.</disclaimer>
    <assets>
      <icon>resources/icon.png</icon>
      <fanart>resources/fanart.jpg</fanart>
      <screenshot>resources/screenshot-01.jpg</screenshot>
      <screenshot>resources/screenshot-02.jpg</screenshot>
      <screenshot>resources/screenshot-03.jpg</screenshot>
    </assets>
    <language>en de es he hr it nl pl pt sk sv</language>
    <platform>all</platform>
    <license>MIT</license>
    <website>https://www.netflix.com</website>
    <email>public at asciidisco dot com</email>
    <forum>https://www.kodinerds.net/index.php/Thread/55612-PreRelease-Plugin-Netflix-Inputstream/</forum>
    <source>https://github.com/asciidisco/plugin.video.netflix</source>
    <news>
v0.13.13 (2018-09-13)
- Fix disabling of intro skipping not working

v0.13.12 (2018-08-21)
- Fix issues with timeline markers

v0.13.11 (2018-08-20)
- Fix login issues
- Fix fanarts for non-netflix originals
- Add Korean translation
- Update Italian translation
- Add query parameter widget_display to suppress setting custom view modes when called from a widget
- Skip intro and recap
- Remember audio settings across all episodes of a show

v0.13.9 (2018-06-14)
- fix login issues after typo fix in netflix login page

v0.13.8 (2018-06-07)
- fix proxy communication
- fix folder definition for image resources

v0.13.7 (2018-05-28)
- rework of login info parsing

v0.13.0 (2018-04-26)
- Android support WIDEVINE Cryptosession for MSL

v0.12.9 (2018-04-16)
- View for exported
- Support for inputstreamhelper
- Grab metadate for episodes on export
- Auto export new episodes for exported shows
- Auto update watched status inside kodi library
    </news>
  </extension>
</addon>
