<?xml version="1.0" encoding="UTF-8" standalone="yes"?>
<addon id="plugin.video.netflix" name="Netflix" version="0.12.9~beta2" provider-name="libdev + jojo + asciidisco">
  <requires>
    <import addon="xbmc.python" version="2.25.0"/>
    <import addon="script.module.requests" version="2.12.4"/>
    <import addon="script.module.pycryptodome" version="3.4.3"/>
    <import addon="inputstream.adaptive" version="2.0.0"/>
  </requires>
  <extension point="xbmc.python.pluginsource" library="addon.py">
    <provides>video</provides>
  </extension>
  <extension point="xbmc.service" library="service.py" start="login" />
  <extension point="xbmc.addon.metadata">
    <summary lang="de_DE">Netflix</summary>
    <description lang="de_DE">Addon für Netflix VOD Services</description>
    <disclaimer lang="de_DE">Möglicherweise sind einge Teile dieses Addons in Ihrem Land illegal, Sie sollten dies unbedingt vor der Installation überprüfen.</disclaimer>
    <summary lang="en_GB">Netflix</summary>
    <description lang="en_GB">Netflix VOD Services Addon</description>
    <disclaimer lang="en_GB">Some parts of this addon may not be legal in your country of residence - please check with your local laws before installing.</disclaimer>
    <assets>
      <icon>resources\icon.png</icon>
      <fanart>resources\fanart.jpg</fanart>
      <screenshot>resources\screenshot-01.jpg</screenshot>
      <screenshot>resources\screenshot-02.jpg</screenshot>
      <screenshot>resources\screenshot-03.jpg</screenshot>
    </assets>
    <language>en de es he hr it nl pl pt sk sv</language>
    <platform>all</platform>
    <license>MIT</license>
    <website>https://www.netflix.com</website>
    <email>public at asciidisco dot com</email>
    <forum>https://www.kodinerds.net/index.php/Thread/55612-PreRelease-Plugin-Netflix-Inputstream/</forum>
    <source>https://github.com/asciidisco/plugin.video.netflix</source>
    <news>v0.12.6 (2017-10-27)
- Adapt the Netflix API changes for episode/season lists
    </news>
  </extension>
</addon>
