<?xml version="1.0" encoding="UTF-8" standalone="yes"?>
<addon id="repository.kodi-repo-caphm" name="caphm's Kodi Repo" version="1.0.0" provider-name="kodi-repo-caphm">
	<extension point="xbmc.addon.repository" name="caphm's Kodi Repo">
		<info compressed="false">https://raw.githubusercontent.com/caphm/kodi-repo/master/addons.xml</info>
		<checksum>https://raw.githubusercontent.com/caphm/kodi-repo/master/addons.xml.md5</checksum>
		<datadir zip="true">https://raw.githubusercontent.com/caphm/kodi-repo/master/</datadir>
	</extension>
	<extension point="xbmc.addon.metadata">
		<summary>Kodi Addons by caphm</summary>
		<description>Addons by caphm.</description>
	        <disclaimer>The owners and submitters to this repository do not host or distribute any of the content displayed by these addons nor do they have any affiliation with the content providers.</disclaimer>
	        <platform>all</platform>
	</extension>
</addon>

